{
    "appInfo": {
        "cloudService": {
            "api": "api.gizwits.com:80",
            "site": "site.gizwits.com:80"
        },
        "gizwitsInfo": {
            "appId": "495466d8bd2044c3b3846307379ec415",
            "appSecret": "28881a11fcec431b97116ab9d7dd436f"
        },
        "productInfo": [{
                        "productKey": "c2878dc9533847d3bd7a8440df21a6a6",
                        "productSecret": "8026d972d6ef42e8ba67767b4af620b6"
                        }],
        "tencentInfo": {
            "appId": "your_tencent_app_id"
        },
        "weChatInfo": {
            "appId": "your_wechat_app_id",
            "appSecret": "your_wechat_app_secret"
        },
        "pushInfo": {
            "jpushAppKey": "your_jpush_app_key",
            "bpushAppKey": "your_bpush_app_key"
        }
    },
    "templateSelect": {
        "deviceList": {
            "unbindDevice": true,
            "displayMac": true
        }
    },
    "functionConfig": {
        "bindDevice_qrcode": true,
        "deviceOnboarding": {
            "config_softap": true,
            "config_airlink": true,
            "wifiModuleType": []
        },
        "login_anonymous": true,
        "login_qq": false,
        "login_weChat": false,
        "register_phoneUser": true,
        "resetPassword_phoneUser": true,
        "personalCenter_changePassword": true,
        "push_baidu": false,
        "push_jiguang": false
    },
    "viewConfig": {
        "viewColor": {
            "background": "FBDA51",
            "contrast": "333333"
        },
        "statusBarStyle": "default"
    }
}